 {
     "L": [
         {
             "name": "Hong",
             "Email": "abc@1234",
             "title": "test1",
             "date": "190101"
             },
         {
             "name": "Hong",
             "Email": "abc@1234",
             "title": "test1",
             "date": "190111"
             },
         {
             "name": "Hong",
             "Email": "abc@1234",
             "title": "test1",
             "date": "190121"
             },
         {
             "name": "Hong",
             "Email": "abc@1234",
             "title": "test1",
             "date": "190129"
             }
         ],
     "M": [
         {
             "name": "Kang",
             "Email": "wht@1234",
             "title": "test2",
             "date": "190201"
             },
         {
             "name": "Kang",
             "Email": "wht@1234",
             "title": "test2",
             "date": "190211"
             },
         {
             "name": "Kang",
             "Email": "wht@1234",
             "title": "test2",
             "date": "190214"
             },
         {
             "name": "Kang",
             "Email": "wht@1234",
             "title": "test2",
             "date": "190216"
             }
         ],
     "G": [
         {
             "name": "Wang",
             "Email": "bla@1234",
             "title": "test3",
             "date": "190301"
             },
         {
             "name": "Wang",
             "Email": "bla@1234",
             "title": "test3",
             "date": "190311"
             },
         {
             "name": "Wang",
             "Email": "bla@1234",
             "title": "test3",
             "date": "190314"
             },
         {
             "name": "Wang",
             "Email": "bla@1234",
             "title": "test3",
             "date": "190316"
             }
         ],
     "S": [
         {
             "name": "Eang",
             "Email": "poin@1234",
             "title": "test4",
             "date": "190401"
             },
         {
             "name": "Eang",
             "Email": "poin@1234",
             "title": "test4",
             "date": "190411"
             },
         {
             "name": "Eang",
             "Email": "poin@1234",
             "title": "test4",
             "date": "190414"
             },
         {
             "name": "Eang",
             "Email": "poin@1234",
             "title": "test4",
             "date": "190416"
             }
         ],
     "J": [
         {
             "name": "Qang",
             "Email": "bla@4321",
             "title": "test5",
             "date": "190501"
             },
         {
             "name": "Qang",
             "Email": "bla@4321",
             "title": "test5",
             "date": "190511"
             },
         {
             "name": "Qang",
             "Email": "bla@4321",
             "title": "test5",
             "date": "190514"
             },
         {
             "name": "Qang",
             "Email": "bla@4321",
             "title": "test5",
             "date": "190516"
             }
         ]
 }
