 {
     "L": {
         "title": "BRAND STORY",
         "subTitle": "르하임(L’Chayim)'",
         "sentence": "속박에서 벗어나 행복한 자유를 누리는 삶’이란 뜻의 고대히브리어 입니다. 저희 르하임 가족은 르하임 스터디카페를 이용하는 모든 분들이 준비하는 스터디의 성취를 통해 행복한 자유를 누리는 삶을 응원합니다. 아울러 르하임 스터디카페를 창업하시는 대표님들의 성공적인 목표성취를 응원하며, 르하임 가족 스스로가 직접 창업을 한다는 '책임'의 마음 가짐으로 창업 대표님들과 함께 하고자 합니다.",
         "lat":"35.155053",
         "lon":"129.062086"
     },
     "M": {
         "title": "BRAND STORY",
         "subTitle": "멘토즈의 아이덴티티",
         "sentence": "멘토즈의 Key Color인 ‘Deep Green’과 ‘Gold’ 는 프랑스 최초의 카페 ‘르 프로코프’에서 모티브를 가져왔습니다.    ‘Deep Green’ 은 지혜와 지성을 의미하며,‘Gold’ 는 방향을 비추는 빛을 의미합니다. 칠흙같은 어둠속에서도 길을 잃지 않도록 길잡이를 해주는 등대같은 존재가 되고자 하는 마음으로 멘토즈의 메인심볼이 탄생하였습니다. 따뜻하고 편안한 공간에서 집중할 수 있는 시간. 집중력을 향상하여 원하는 목표를 이뤄나갈 수 있도록 돕는 것이 멘토즈가 존재하는 이유입니다.",
         "lat":"35.231066",
         "lon":"129.086595"

     },
     "G": {
         "title": "BRAND STORY",
         "subTitle": "Genie24 Study Cafe",
         "sentence": "지속되는 기록적인 경기 침체에 많은 예비 창업자들이 무인으로 운영되는 스터디카페 창업에 관심을 갖고 있습니다. 그러기에 더 많은 스터디 카페 브랜드들이 생겨나고 이 시기를 놓칠세라 모두 빠르게만 가고 있습니다. 하지만 그럴수록 저희 지니24스터디카페는 천천히 가겠습니다.지난 30년 간 전문 건설업 면허 인테리어 업체를 직접 운영하며 생긴 노하우로 오직 공부하는 사람들을 위한 프리미엄 공간을 만들었습니다.",
         "lat":"35.192351",
         "lon":"129.067586"
     },
     "S": {
         "title": "BRAND STORY",
         "subTitle": "시작스터디카페 부산명륜점",
         "sentence": "24시간, 365일 무인 자동화시스템으로 운영되는 프리미엄 스터디카페입니다.『시작』은 중세부터 긴 학문의 역사를 자랑하는 '이튼스쿨', '옥스포드대학교'와 같은 영국 명문 학교의 도서관을 모티브로 하고 있습니다. 문의 사항 ☎ 051-937-0010",
         "lat":"35.208592",
         "lon":"129.082081"
     },
     "J": {
         "title": "BRAND STORY",
         "subTitle": "ZAKSIM LIBRARY",
         "sentence": "Gold는 행운과 성공을 의미하며, Navy는 지혜와 정의를 뜻합니다. 세월이 흘러도 영원히 변치 않는 가치를 지닌 황금처럼신뢰와 정직함으로 여러분의 ‘작심’을 응원하겠습니다.작심의 메인 심볼인 부엉이는 학습자에게는 지혜와 명철을,파트너 및 가맹점주에게는 이로운 에너지를 전달하며 함께 성장하는 공간을 만들자는 취지를 담았습니다.",
         "lat":"35.192962",
         "lon":"129.103990"
     }
 }
